country,year,billionaire_count,total_net_worth,gdp
United States,2001,182,695.0,13848757308000.0
Germany,2001,16,75.3,2931769559373.65
Japan,2001,13,39.0,4002148544213.45
Hong Kong,2001,11,44.0,180517138599.332
United Kingdom,2001,10,24.9,2351181825459.11
France,2001,9,51.6,2064338989662.44
Canada,2001,8,21.0,1185010810019.45
Italy,2001,8,31.4,1894119928516.21
Mexico,2001,8,24.1,940766441516.06
Switzerland,2001,7,28.3,538186453673.233
Russia,2001,5,7.4,820235350096.64
Spain,2001,5,11.0,1016292009212.74
Sweden,2001,5,36.0,373752198445.95
Brazil,2001,4,9.7,1202909097080.86
India,2001,4,12.6,839151992864.812
Israel,2001,4,8.9,184909585609.537
Malaysia,2001,4,7.3,149038923296.259
Saudi Arabia,2001,3,25.1,354907696182.41
Turkey,2001,3,8.2,390030497194.88
Norway,2001,2,2.6,310995308463.367
Philippines,2001,2,2.5,147150196392.071
South Africa,2001,2,5.8,227677653424.683
South Korea,2001,2,2.6,837696366558.277
Taiwan,2001,2,3.4,0.0
Venezuela,2001,2,9.8,584908988.761765
Argentina,2001,1,1.7,378202665751.853
Australia,2001,1,2.2,890323770708.066
Belgium,2001,1,1.0,371841896085.61
Chile,2001,1,1.3,135383217068.298
Colombia,2001,1,1.5,159651401476.819
Denmark,2001,1,1.9,265566018347.455
Egypt,2001,1,1.0,186035425185.202
Greece,2001,1,4.6,203582678509.383
Ireland,2001,1,2.1,170876017042.921
Kuwait,2001,1,6.0,61395143329.1037
Portugal,2001,1,1.0,197441874156.334
Singapore,2001,1,1.0,139028385430.873
Thailand,2001,1,1.2,229082063572.247
United Arab Emirates,2001,1,1.9,203214232274.451
United States,2002,176,628.6,14084248131000.0
Germany,2002,19,73.4,2925076028983.88
Japan,2002,12,23.4,4003827945768.8
United Kingdom,2002,10,24.0,2393401075136.18
Canada,2002,9,22.1,1220552310131.93
France,2002,9,41.0,2086380974391.26
Hong Kong,2002,8,33.6,183507767694.799
Italy,2002,8,26.3,1899232719248.01
Mexico,2002,7,22.7,938540700989.319
Russia,2002,6,11.1,858786345187.109
Sweden,2002,6,39.8,382265044440.179
Switzerland,2002,6,23.7,537792409245.141
Brazil,2002,5,9.8,1239639467559.79
India,2002,4,11.1,871073127580.09
Malaysia,2002,4,8.1,157073594223.932
Philippines,2002,4,5.3,152618672925.332
Saudi Arabia,2002,4,25.9,352464483341.616
Spain,2002,4,12.6,1044295489916.35
Turkey,2002,4,9.8,415178579551.82
Israel,2002,3,6.3,184684975515.63
Australia,2002,2,3.1,925754967998.798
Greece,2002,2,4.8,213116734983.165
South Africa,2002,2,4.4,236102579035.79
Taiwan,2002,2,4.2,0.0
Thailand,2002,2,2.3,243168402250.2
Venezuela,2002,2,9.4,616155570.210815
Argentina,2002,1,1.0,336999433710.193
Belgium,2002,1,1.0,378188843495.686
Chile,2002,1,1.5,139719269580.07
China,2002,1,1.0,3275124420038.43
Colombia,2002,1,1.1,163649041384.447
Denmark,2002,1,2.1,266778406866.579
Ireland,2002,1,2.2,180956619566.626
Kuwait,2002,1,5.7,63245766790.5716
Netherlands,2002,1,4.3,664292962312.29
Norway,2002,1,1.3,315279446109.331
Singapore,2002,1,1.2,144482970559.889
South Korea,2002,1,2.5,902409606062.147
United Arab Emirates,2002,1,1.8,208159362850.444
United States,2003,165,556.8,14477988212000.0
Germany,2003,28,76.6,2909575203020.53
Canada,2003,11,26.6,1242600185625.17
Russia,2003,11,23.5,921477339133.556
United Kingdom,2003,11,25.9,2468849371075.25
Japan,2003,10,21.4,4065291729511.6
France,2003,9,37.4,2106573536491.98
Hong Kong,2003,7,25.4,189116286715.7
India,2003,7,17.4,939542798342.002
Italy,2003,7,23.9,1900496731808.66
Mexico,2003,6,16.6,949667522095.5
Switzerland,2003,6,16.0,537618172697.61
Spain,2003,5,15.5,1074990359309.76
Sweden,2003,5,43.9,389455236312.007
Saudi Arabia,2003,4,23.6,383371235700.082
Brazil,2003,3,4.9,1253781634079.45
Israel,2003,3,5.0,187390716950.388
Malaysia,2003,3,6.5,166165798103.902
Netherlands,2003,3,5.8,664942855049.922
Turkey,2003,3,4.8,439106176635.555
Philippines,2003,2,3.1,160382249192.659
Singapore,2003,2,2.9,151054425108.65
South Africa,2003,2,4.2,243065422272.369
Taiwan,2003,2,3.4,0.0
Thailand,2003,2,2.4,260650370324.981
Venezuela,2003,2,8.3,657384613.723085
Argentina,2003,1,1.6,366780211148.674
Australia,2003,1,1.8,954367849882.364
Austria,2003,1,1.0,321358930858.678
Belgium,2003,1,1.0,382114274583.92
Chile,2003,1,1.4,146318553367.333
Colombia,2003,1,1.0,170061255792.911
Denmark,2003,1,2.3,267955142394.956
Greece,2003,1,3.3,225470734967.324
Ireland,2003,1,2.3,186410360281.181
Kuwait,2003,1,5.1,74203741257.9195
Norway,2003,1,1.0,318258551203.885
South Korea,2003,1,2.8,930811064125.151
United Arab Emirates,2003,1,2.0,226478512535.33
United States,2004,204,706.3,15035068144000.0
Germany,2004,34,134.6,2943395181897.32
Russia,2004,17,52.8,987823227180.876
United Kingdom,2004,15,41.2,2529531328675.57
Canada,2004,13,36.7,1281025904373.69
Japan,2004,13,33.8,4154163710034.48
Hong Kong,2004,11,46.3,205569444182.476
Italy,2004,10,35.1,1928510465520.9
France,2004,9,56.7,2166995343999.61
India,2004,9,31.9,1013982178697.24
Sweden,2004,8,53.3,405732636290.608
Mexico,2004,6,25.8,983527357381.896
Spain,2004,6,17.3,1108471272156.69
Switzerland,2004,6,23.0,552143052382.242
Brazil,2004,5,7.8,1325999012823.98
Israel,2004,5,11.4,196159322413.276
Taiwan,2004,5,9.3,0.0
Malaysia,2004,4,10.5,177437551536.374
Norway,2004,4,6.5,331035320863.904
Saudi Arabia,2004,4,27.3,416459918451.805
Turkey,2004,4,6.1,482120738379.834
Australia,2004,3,4.8,994683066030.821
Austria,2004,3,7.1,329602607197.97
Netherlands,2004,3,7.7,678350164439.719
Singapore,2004,3,6.8,166069208808.394
Colombia,2004,2,2.8,179130660092.783
Philippines,2004,2,2.9,170918125634.499
South Africa,2004,2,6.1,254135982543.496
Thailand,2004,2,3.3,277043563911.345
Venezuela,2004,2,8.7,684434010.56457
Argentina,2004,1,1.6,399898899166.738
Belgium,2004,1,1.2,395760365571.447
Chile,2004,1,2.8,156084225513.219
China,2004,1,1.1,3968365429214.8
Denmark,2004,1,2.5,275394519939.124
Greece,2004,1,4.4,237596249633.379
Ireland,2004,1,2.4,199064153976.926
Kuwait,2004,1,8.4,81802425533.3891
Portugal,2004,1,1.2,200638424065.227
South Korea,2004,1,3.4,979188957980.11
United Arab Emirates,2004,1,3.7,248144435934.961
United States,2005,261,834.8,15558822251000.0
Germany,2005,40,147.9,2969464751675.73
Russia,2005,26,88.4,1051043572407.72
United Kingdom,2005,17,43.3,2598654838739.17
Canada,2005,14,43.6,1322152656328.7
Japan,2005,14,42.0,4229100705435.47
Hong Kong,2005,12,54.3,220757235362.652
France,2005,11,67.0,2207920477001.03
India,2005,10,58.6,1094324353140.52
Italy,2005,9,52.2,1943213636038.87
Spain,2005,8,25.3,1147835586804.09
Sweden,2005,8,60.2,417065466380.565
Brazil,2005,7,13.4,1368459252346.2
Mexico,2005,7,37.3,1004311720993.85
Turkey,2005,7,14.9,525474505335.922
Israel,2005,6,15.4,204428481197.204
Switzerland,2005,6,23.2,567325324289.261
Malaysia,2005,5,14.7,186898768708.901
Saudi Arabia,2005,5,35.6,441218019303.431
Taiwan,2005,5,9.7,0.0
Australia,2005,4,7.2,1026057036344.3
Netherlands,2005,4,10.5,692147557481.115
Norway,2005,4,8.2,339924026041.128
Austria,2005,3,8.0,337250591613.85
Kazakhstan,2005,3,3.0,108382181835.458
Philippines,2005,3,5.1,179365762742.902
Singapore,2005,3,8.7,178302402123.907
Thailand,2005,3,6.9,288645146658.334
Colombia,2005,2,6.2,187780451739.376
Poland,2005,2,2.0,328168510412.522
South Africa,2005,2,8.3,267546870424.295
South Korea,2005,2,5.8,1021377732486.55
Ukraine,2005,2,3.7,101005170642.268
Venezuela,2005,2,9.1,701466543.367696
Argentina,2005,1,1.7,435296589745.339
Belgium,2005,1,1.8,404948884226.677
Chile,2005,1,2.7,165194933110.731
China,2005,1,1.6,4420544471398.72
Denmark,2005,1,2.5,281892753356.482
Egypt,2005,1,5.2,213758163785.626
Greece,2005,1,7.5,240408215746.072
Indonesia,2005,1,2.0,497631790460.651
Ireland,2005,1,2.5,210490003157.074
Kuwait,2005,1,9.0,90480881656.2481
Monaco,2005,1,1.0,4259876164.74801
Portugal,2005,1,1.7,202207111084.663
United Arab Emirates,2005,1,3.9,260192198668.463
United States,2006,292,958.1,15992063824000.0
Germany,2006,40,155.1,3083959477633.35
Russia,2006,33,172.1,1137229862730.35
United Kingdom,2006,20,48.2,2660520859212.05
India,2006,19,91.6,1182534912713.8
Canada,2006,17,50.7,1357030300358.29
Japan,2006,16,43.8,4287138774363.71
Turkey,2006,15,19.8,561984411360.158
Hong Kong,2006,14,67.2,236282223623.765
Italy,2006,13,56.5,1978181374934.65
Brazil,2006,11,21.7,1422677453441.88
France,2006,11,75.0,2267844863251.48
Saudi Arabia,2006,9,57.9,455837853100.899
Israel,2006,8,21.1,215837698469.191
Spain,2006,8,29.8,1194247575041.8
Sweden,2006,8,66.8,436567442203.266
China,2006,7,8.5,4982879973774.79
Malaysia,2006,7,17.1,197336779111.682
Mexico,2006,7,45.6,1052569035045.56
Switzerland,2006,6,25.4,590436050103.238
Australia,2006,5,12.5,1054328458936.16
Netherlands,2006,4,11.5,716631413655.269
Norway,2006,4,10.8,348291164617.133
Taiwan,2006,4,11.3,0.0
Austria,2006,3,8.7,348276446973.261
Kuwait,2006,3,15.2,97280314521.3311
Philippines,2006,3,4.5,188901594325.143
Poland,2006,3,4.0,348521872927.444
Singapore,2006,3,9.0,194361682395.941
South Korea,2006,3,11.3,1075146392089.85
Thailand,2006,3,8.1,302984491694.587
United Arab Emirates,2006,3,9.3,285788137266.095
Belgium,2006,2,5.0,415284559325.884
Colombia,2006,2,8.9,200393418124.055
Egypt,2006,2,7.4,228387426641.133
Ireland,2006,2,3.5,220988938640.086
Kazakhstan,2006,2,4.7,119979075291.852
South Africa,2006,2,7.9,282539679229.874
Ukraine,2006,2,2.9,108652697104.212
Venezuela,2006,2,9.9,750547640.198934
Argentina,2006,1,1.7,470325565798.353
Chile,2006,1,4.1,175189211413.976
Czechia,2006,1,3.0,164921158026.322
Denmark,2006,1,2.8,292651155607.73
Greece,2006,1,9.1,255898673311.456
Indonesia,2006,1,1.8,525006275321.737
Lebanon,2006,1,2.7,31815384920.7126
Monaco,2006,1,1.0,4507700786.40776
New Zealand,2006,1,1.7,149221146114.821
Portugal,2006,1,2.2,205493046680.564
United States,2007,329,1174.1,16312522122000.0
Russia,2007,48,274.6,1233894148246.74
Germany,2007,42,188.1,3173089212221.55
India,2007,31,183.1,1273126725479.64
United Kingdom,2007,23,68.8,2730356339665.79
Canada,2007,20,76.1,1384848127059.22
Hong Kong,2007,19,99.6,251557511730.28
Turkey,2007,18,28.0,590328139721.3
China,2007,17,25.1,5691986693310.73
Japan,2007,17,48.4,4350758602409.6
Brazil,2007,15,40.6,1509032134017.69
France,2007,12,102.1,2325232266173.56
Italy,2007,12,59.8,2007108163418.51
Spain,2007,12,63.8,1236446314561.82
Australia,2007,10,21.9,1094111663603.91
Israel,2007,9,28.4,228837301916.728
Saudi Arabia,2007,9,48.2,465928357984.926
Malaysia,2007,8,25.6,209766600383.972
Mexico,2007,8,70.6,1074439987409.3
South Korea,2007,8,14.5,1137500027631.58
Sweden,2007,8,84.9,450646355053.726
Switzerland,2007,7,29.5,613559744788.948
Taiwan,2007,6,20.1,0.0
Kazakhstan,2007,5,13.1,130657212992.82
Ukraine,2007,5,10.2,117579433690.824
Egypt,2007,4,20.4,244575133305.99
Netherlands,2007,4,14.5,744474740611.177
Norway,2007,4,10.4,358440508422.031
Austria,2007,3,9.9,361424665131.865
Kuwait,2007,3,14.7,103108938022.819
Lebanon,2007,3,6.2,34777595316.005
New Zealand,2007,3,6.7,153772257535.871
Philippines,2007,3,7.5,201216640002.155
Poland,2007,3,5.8,372083512402.176
Singapore,2007,3,10.7,211896059498.482
Thailand,2007,3,8.9,319452158416.903
United Arab Emirates,2007,3,13.5,294888746625.5
Belgium,2007,2,5.0,430554260439.959
Chile,2007,2,6.8,184243394524.547
Colombia,2007,2,10.4,213896316785.023
Cyprus,2007,2,8.0,20832570156.7928
Ireland,2007,2,4.4,232723709494.371
South Africa,2007,2,9.3,297685145427.081
Venezuela,2007,2,12.0,775488102.597973
Argentina,2007,1,1.7,512690850741.56
Czechia,2007,1,6.0,173973393363.484
Denmark,2007,1,3.3,295540131107.448
Greece,2007,1,11.0,264872707591.747
Iceland,2007,1,3.5,16714384610.1713
Indonesia,2007,1,1.5,558318040182.325
Monaco,2007,1,1.0,5158500738.24534
Oman,2007,1,1.3,53055456656.1063
Portugal,2007,1,2.3,210643893704.517
Romania,2007,1,1.1,156287689281.09
United States,2008,382,1462.2,16331051067000.0
Russia,2008,70,438.6,1298056264706.47
Germany,2008,44,217.9,3201977117826.16
India,2008,38,305.3,1312424303406.43
China,2008,36,72.3,6241302053216.75
Turkey,2008,27,51.1,595139459121.408
United Kingdom,2008,27,83.7,2723563286863.32
Hong Kong,2008,24,127.1,256910444645.525
Canada,2008,21,80.9,1398632992699.8
Japan,2008,18,54.3,4297492743392.06
Brazil,2008,17,61.1,1585905180276.35
Spain,2008,14,51.6,1245931907512.54
France,2008,12,108.3,2334072134826.58
Italy,2008,12,56.9,1986572667525.98
Australia,2008,11,32.3,1133349428616.57
Switzerland,2008,10,41.2,630788401993.241
Israel,2008,9,34.5,236356843531.581
Saudi Arabia,2008,9,59.1,494993062360.113
South Korea,2008,9,17.1,1171772731392.34
Sweden,2008,9,88.0,446486334527.751
Malaysia,2008,8,32.7,219902039818.778
Mexico,2008,8,92.6,1084575522159.75
Taiwan,2008,6,22.7,0.0
Indonesia,2008,5,10.9,591893632264.728
Kazakhstan,2008,5,15.2,134968901021.859
Netherlands,2008,5,14.9,760233900008.412
Ukraine,2008,5,23.9,120217318404.635
Austria,2008,4,14.7,366677270021.069
Egypt,2008,4,35.7,262077623377.432
Ireland,2008,4,12.4,222288215958.446
Norway,2008,4,11.8,360167903275.809
Singapore,2008,4,7.5,215844707508.228
United Arab Emirates,2008,4,16.7,304301112606.226
Chile,2008,3,19.2,191225100455.441
Kuwait,2008,3,19.6,105665789072.072
Lebanon,2008,3,7.5,37931620043.7015
New Zealand,2008,3,8.5,151866196412.071
South Africa,2008,3,11.9,307184409060.741
Thailand,2008,3,8.8,324964940636.733
Belgium,2008,2,6.5,432478428732.474
Colombia,2008,2,10.9,220919487240.849
Cyprus,2008,2,9.2,21592294823.2158
Philippines,2008,2,2.9,209958471382.781
Poland,2008,2,4.5,388394800371.402
Portugal,2008,2,9.0,211316368358.012
Romania,2008,2,3.7,170834114652.888
Venezuela,2008,2,9.6,778626043.927224
Argentina,2008,1,2.1,533491913656.279
Belize,2008,1,1.4,1882149832.93556
Czechia,2008,1,9.3,178518044738.046
Denmark,2008,1,6.5,294307201429.912
Greece,2008,1,11.0,265024939417.418
Iceland,2008,1,3.5,17083688339.561
Monaco,2008,1,1.0,5197028095.39412
Nigeria,2008,1,3.3,330679000570.778
Oman,2008,1,1.3,57803951303.0508
United States,2009,334,1016.1,15910281498000.0
Germany,2009,47,164.3,3024422218182.65
Russia,2009,31,101.1,1196807955075.78
China,2009,27,42.8,6827904909100.22
India,2009,23,105.8,1415605643155.69
United Kingdom,2009,22,55.4,2597719582107.35
Canada,2009,18,50.0,1357861634788.53
Hong Kong,2009,18,65.9,250592668521.857
Japan,2009,16,45.0,4052826324007.5
Brazil,2009,13,40.3,1583909921216.67
Turkey,2009,13,18.5,566434966772.826
Italy,2009,12,37.0,1881181927545.97
Spain,2009,12,36.3,1198983535253.48
France,2009,10,63.2,2268145065263.81
Israel,2009,10,20.2,238976215685.434
Saudi Arabia,2009,10,46.2,489712921864.896
Australia,2009,9,14.7,1154798699180.01
Mexico,2009,9,55.1,1016298775551.17
Sweden,2009,9,67.3,427485779310.793
Switzerland,2009,8,28.3,616296829272.353
Malaysia,2009,6,22.9,216573759299.08
Indonesia,2009,5,7.4,619291626040.047
Taiwan,2009,5,10.5,0.0
Austria,2009,4,12.2,353527252232.556
Ireland,2009,4,8.5,210960893742.01
Norway,2009,4,7.6,353179332437.739
South Korea,2009,4,6.8,1181061361993.54
Ukraine,2009,4,6.7,102020662581.874
United Arab Emirates,2009,4,15.4,288346842919.734
Chile,2009,3,12.9,189087132634.086
Egypt,2009,3,7.8,274326082658.196
Kuwait,2009,3,10.3,98188818209.3521
Lebanon,2009,3,5.1,41812842419.7439
Netherlands,2009,3,8.4,732369119511.251
New Zealand,2009,3,6.5,151787298244.391
South Africa,2009,3,7.5,302459639039.778
Thailand,2009,3,7.1,322720673508.111
Belgium,2009,2,3.6,424233483110.434
Colombia,2009,2,6.4,223437193184.792
Denmark,2009,2,3.1,279666951279.328
Nigeria,2009,2,3.7,357255424171.356
Philippines,2009,2,4.1,212999348346.029
Venezuela,2009,2,5.8,767895069.578239
Argentina,2009,1,1.8,501917060966.235
Cyprus,2009,1,4.0,21157153433.1844
Czechia,2009,1,6.0,169952170252.553
Greece,2009,1,3.8,254107830744.956
Iceland,2009,1,1.0,15774426999.3488
Kazakhstan,2009,1,1.2,136588527833.35
Monaco,2009,1,1.0,4607841717.87684
Poland,2009,1,1.0,398551823849.317
Portugal,2009,1,3.3,204718906251.388
Romania,2009,1,1.8,161409698529.133
Singapore,2009,1,1.9,216120888113.033
United States,2010,403,1349.3,16339094225000.0
China,2010,64,133.2,7554112071638.2
Russia,2010,62,265.0,1250664313044.7
Germany,2010,53,217.7,3149837977159.83
India,2010,49,222.1,1535897931732.14
United Kingdom,2010,29,76.7,2655734846473.69
Turkey,2010,28,42.8,614169032343.374
Hong Kong,2010,25,115.6,267552017779.818
Canada,2010,24,74.7,1399830508747.17
Japan,2010,22,68.6,4218907820177.17
Brazil,2010,18,90.3,1703150236842.0
Taiwan,2010,18,38.5,0.0
Italy,2010,13,58.4,1909947188705.16
Spain,2010,13,50.4,1200112046333.33
France,2010,12,89.7,2313515331848.51
Australia,2010,11,25.7,1180435002406.5
South Korea,2010,11,23.8,1261430519849.42
Switzerland,2010,11,41.0,636285784211.754
Israel,2010,10,28.3,252438031645.298
Saudi Arabia,2010,10,59.4,514391969511.633
Sweden,2010,10,83.7,452069357246.318
Malaysia,2010,9,39.3,232654030399.227
Mexico,2010,9,90.3,1066822388048.98
Indonesia,2010,7,16.3,657835433797.592
Ireland,2010,6,17.1,214511307254.188
Kazakhstan,2010,5,10.3,146559490369.689
Netherlands,2010,5,14.9,742031413484.932
Ukraine,2010,5,13.2,106195352549.641
Austria,2010,4,13.0,359922498957.786
Chile,2010,4,26.3,200151851754.47
Egypt,2010,4,13.0,288446290408.139
Lebanon,2010,4,8.3,45147473283.5593
Norway,2010,4,9.0,355959036891.599
Poland,2010,4,6.5,411181642127.603
Singapore,2010,4,10.1,247501100140.018
United Arab Emirates,2010,4,9.0,292968610431.171
Czechia,2010,3,9.8,174565802530.616
New Zealand,2010,3,9.4,153980049861.399
Romania,2010,3,4.3,155105339843.99
South Africa,2010,3,9.6,311653604140.269
Thailand,2010,3,9.1,346967938038.265
Belgium,2010,2,5.9,435731531622.915
Colombia,2010,2,11.6,233479933032.173
Denmark,2010,2,5.0,284093791119.24
Greece,2010,2,7.3,239639588486.45
Philippines,2010,2,5.9,228621785476.226
Portugal,2010,2,5.5,208276152143.946
Venezuela,2010,2,7.7,733566566.717699
Argentina,2010,1,2.0,552738161802.463
Belize,2010,1,1.2,1895708410.0466
Cyprus,2010,1,7.7,21640286551.9217
Finland,2010,1,1.3,233609048633.984
Kuwait,2010,1,8.7,95861255086.3355
Monaco,2010,1,1.2,4703003769.39437
Nigeria,2010,1,2.1,385856064172.784
Pakistan,2010,1,1.0,250382678707.751
United States,2011,412,1529.2,16594704135000.0
China,2011,115,230.4,8275592638197.0
Russia,2011,101,432.7,1304443243520.47
India,2011,55,246.5,1616399198833.92
Germany,2011,52,246.4,3268207907666.64
Turkey,2011,38,63.7,682956643134.524
Hong Kong,2011,36,156.5,280433874440.755
United Kingdom,2011,32,93.7,2685966732014.03
Brazil,2011,30,131.4,1770840632932.71
Japan,2011,26,75.8,4219912322037.65
Taiwan,2011,25,62.3,0.0
Canada,2011,24,85.2,1443745912933.41
Australia,2011,17,48.0,1208849019421.68
Israel,2011,16,46.7,266480711976.331
South Korea,2011,16,39.6,1307922658113.4
France,2011,14,118.5,2369909039492.57
Indonesia,2011,14,32.3,698422460504.757
Italy,2011,14,62.6,1923230167189.95
Spain,2011,14,61.6,1192432281030.21
Mexico,2011,11,125.1,1103564231781.62
Sweden,2011,10,73.9,466372427023.667
Malaysia,2011,9,44.1,244970531973.676
Switzerland,2011,9,36.3,647822333890.064
Egypt,2011,8,20.2,293536132736.607
Saudi Arabia,2011,8,54.8,570942996722.733
Ukraine,2011,8,30.3,111977987703.653
Lebanon,2011,6,13.1,45539055323.5066
Netherlands,2011,6,17.9,755190191987.229
Austria,2011,5,17.5,370459114608.076
Ireland,2011,5,18.9,218048113700.275
Kazakhstan,2011,5,12.0,157404892659.159
Chile,2011,4,42.5,212609096424.814
Norway,2011,4,12.0,359894719437.842
Philippines,2011,4,11.4,237442546246.759
Poland,2011,4,8.9,432791139408.41
Singapore,2011,4,10.5,262883130580.256
South Africa,2011,4,16.7,321528523981.702
United Arab Emirates,2011,4,6.9,311179896130.516
Czechia,2011,3,12.3,177659773362.468
Denmark,2011,3,10.1,287817703270.261
Kuwait,2011,3,13.2,105091329807.779
New Zealand,2011,3,10.7,157431269722.275
Portugal,2011,3,8.9,204707282994.346
Thailand,2011,3,15.8,349882927003.633
Argentina,2011,2,6.5,585924294024.785
Belgium,2011,2,6.8,444146182789.14
Colombia,2011,2,18.9,249701866578.277
Cyprus,2011,2,11.7,21730464387.897
Greece,2011,2,7.3,215970915842.321
Monaco,2011,2,4.2,5033265481.27337
Nigeria,2011,2,15.8,406337011591.35
Romania,2011,2,3.3,162078238594.701
Venezuela,2011,2,7.6,729119123.900602
Belize,2011,1,1.8,1891072573.01966
Finland,2011,1,1.9,239193227012.5
United States,2012,424,1639.8,16974575729000.0
Russia,2012,96,376.1,1356935163515.02
China,2012,95,204.35,8926363432826.3
Germany,2012,55,251.3,3283708733629.98
India,2012,48,194.6,1704596203504.32
Hong Kong,2012,38,159.0,285202060756.432
Brazil,2012,37,153.0,1804861597918.79
United Kingdom,2012,36,98.6,2726497926337.32
Turkey,2012,34,54.3,715659972210.858
Canada,2012,26,80.9,1469093201563.91
Japan,2012,24,73.3,4277925608850.6
Taiwan,2012,24,61.5,0.0
South Korea,2012,20,47.0,1339345905332.01
Australia,2012,18,65.65,1256196122893.84
Indonesia,2012,17,41.5,740537688645.515
Italy,2012,16,76.5,1863124631879.35
Spain,2012,16,70.9,1158267740706.22
France,2012,15,122.0,2374265768198.23
Israel,2012,13,41.5,273251466146.392
Mexico,2012,11,129.7,1142776194808.08
Sweden,2012,11,75.7,464439473181.128
Malaysia,2012,9,45.3,258378881826.473
Switzerland,2012,9,37.2,655461803595.119
Saudi Arabia,2012,8,51.0,601824824266.481
Ukraine,2012,8,31.1,112148546938.896
Egypt,2012,7,17.2,300070833532.511
Austria,2012,6,21.2,372786509841.892
Lebanon,2012,6,12.8,46707037069.3046
Netherlands,2012,6,16.7,747805360729.234
Philippines,2012,6,17.8,253818843995.329
Chile,2012,5,40.9,225695909225.262
Ireland,2012,5,20.6,217178189023.252
Kuwait,2012,5,6.8,112054549995.581
Norway,2012,5,12.6,369676511315.49
Singapore,2012,5,11.6,274543305511.611
Thailand,2012,5,20.6,375224234353.836
Argentina,2012,4,9.6,579910247223.428
Poland,2012,4,8.3,439333996551.267
South Africa,2012,4,17.7,329233094599.263
United Arab Emirates,2012,4,7.6,316857313553.72
Colombia,2012,3,23.6,259471791121.288
Czechia,2012,3,11.5,176290606026.729
Denmark,2012,3,11.1,287802068095.364
Greece,2012,3,7.9,197978089531.731
Kazakhstan,2012,3,7.8,164960327499.374
Morocco,2012,3,6.8,98936909179.3524
New Zealand,2012,3,11.3,161035600341.707
Portugal,2012,3,7.9,196414790306.892
Belgium,2012,2,6.4,445104666566.067
Cyprus,2012,2,12.3,20981332395.2536
Monaco,2012,2,4.2,5084213121.21499
Nigeria,2012,2,15.5,423525315758.054
Peru,2012,2,4.2,169620385179.423
Venezuela,2012,2,7.6,737643344.412283
Belize,2012,1,1.1,1961756625.75293
Finland,2012,1,2.0,235550696192.578
Georgia,2012,1,6.4,13460417765.6957
Romania,2012,1,1.5,165163587446.019
St. Kitts and Nevis,2012,1,1.6,835799755.490721
United States,2013,442,1872.5,17334068403000.0
China,2013,122,262.96,9619598215288.48
Russia,2013,110,427.1,1380755103919.45
Germany,2013,58,296.25,3296391223767.13
India,2013,55,193.6,1813453530766.63
Brazil,2013,46,189.3,1859094488365.14
Turkey,2013,43,74.2,776389567770.091
Hong Kong,2013,39,193.1,294047626477.767
United Kingdom,2013,37,121.1,2775572748536.75
Canada,2013,29,92.05,1503261570659.63
Taiwan,2013,26,72.8,0.0
Indonesia,2013,25,55.25,781691320719.306
France,2013,24,142.85,2392826743884.24
South Korea,2013,24,56.35,1381732300870.28
Italy,2013,23,112.9,1829252559153.33
Australia,2013,22,73.1,1288884775424.06
Japan,2013,22,68.4,4363702302795.86
Spain,2013,20,99.95,1141735528202.44
Israel,2013,17,46.25,284811641782.085
Mexico,2013,15,148.5,1152513808584.62
Chile,2013,14,61.35,233163076989.911
Sweden,2013,14,88.3,469723477690.599
Switzerland,2013,13,50.3,667208623354.645
Philippines,2013,11,39.85,270952964514.551
Malaysia,2013,10,48.75,270506469604.101
Peru,2013,10,23.3,179547449111.361
Singapore,2013,10,31.6,287769788882.221
Thailand,2013,10,38.6,385308369004.167
Ukraine,2013,10,32.1,112199506223.112
Austria,2013,8,26.5,371851835102.085
Saudi Arabia,2013,8,55.55,617079749143.717
Egypt,2013,7,18.55,306628779736.183
Denmark,2013,6,18.5,291810211144.337
Lebanon,2013,6,14.0,48494923363.2625
Netherlands,2013,6,21.25,747579280835.076
Norway,2013,6,17.1,373433130102.304
South Africa,2013,6,22.0,337416077838.151
Argentina,2013,5,11.1,593858966307.156
Colombia,2013,5,34.5,272793056063.57
Ireland,2013,5,21.9,221939116603.514
Kazakhstan,2013,5,9.2,174857947143.911
Kuwait,2013,5,6.15,113342577209.708
Czechia,2013,4,14.9,176216894679.608
Poland,2013,4,9.8,442340098156.254
United Arab Emirates,2013,4,9.75,332876224059.313
Cyprus,2013,3,13.65,19599191958.4445
Greece,2013,3,8.6,193479795857.322
Monaco,2013,3,4.45,5571133210.81248
Morocco,2013,3,6.5,103015299181.348
New Zealand,2013,3,9.15,165480472114.228
Portugal,2013,3,8.55,194481859081.567
Venezuela,2013,3,9.8,755807695.015386
Belgium,2013,2,5.8,446464436746.25
Nigeria,2013,2,20.8,451780110046.797
Angola,2013,1,2.0,85525963563.9192
Belize,2013,1,1.0,2049139661.32515
Finland,2013,1,3.1,233242909380.078
Georgia,2013,1,5.3,14151325572.1376
Guernsey,2013,1,1.5,0.0
Nepal,2013,1,1.0,22100664484.6361
Romania,2013,1,1.1,165624017079.639
St. Kitts and Nevis,2013,1,1.5,883668355.018065
Eswatini (Swaziland),2013,1,3.1,3761746659.51485
Vietnam,2013,1,1.5,210137237901.389
United States,2014,492,2318.45,17771549056000.0
China,2014,152,374.8,10333926843443.8
Russia,2014,111,422.15,1390921151162.46
Germany,2014,85,400.85,3367906396055.51
Brazil,2014,65,191.55,1868463501755.79
India,2014,56,191.5,1947834564908.95
United Kingdom,2014,47,153.85,2864242231205.47
Hong Kong,2014,45,213.65,302170465323.717
France,2014,43,235.2,2416703157283.96
Italy,2014,35,157.95,1829227175717.41
Canada,2014,32,112.55,1546457292386.53
Australia,2014,29,85.3,1322334997273.41
Taiwan,2014,28,75.8,0.0
Japan,2014,27,100.8,4376627829637.51
South Korea,2014,27,60.39,1425981639370.35
Spain,2014,26,122.5,1159095456184.34
Turkey,2014,24,43.0,814741000960.492
Switzerland,2014,21,80.05,682887233860.616
Indonesia,2014,19,47.65,820828013260.627
Sweden,2014,19,116.7,480507219292.52
Israel,2014,18,51.75,295877497534.411
Mexico,2014,16,142.9,1181370028689.69
Singapore,2014,16,45.0,299095084828.978
Malaysia,2014,13,53.0,286755041078.03
Chile,2014,12,41.25,237342873662.242
Thailand,2014,11,36.6,389101609925.933
Austria,2014,10,33.7,374662287839.195
Philippines,2014,10,40.1,288153024779.43
Norway,2014,9,21.75,381081533533.12
Ukraine,2014,9,26.6,100891035816.499
Egypt,2014,8,22.3,315569804751.572
Peru,2014,8,11.75,183824551906.256
South Africa,2014,8,25.4,342186555600.731
Netherlands,2014,7,24.2,759634819632.632
Saudi Arabia,2014,7,49.0,640599267343.861
Czechia,2014,6,18.4,180173337872.859
Denmark,2014,6,26.9,295539545041.068
Lebanon,2014,6,12.3,49699566407.4833
Argentina,2014,5,11.3,578937574935.696
Ireland,2014,5,25.5,242659427386.766
Kazakhstan,2014,5,9.15,182201980933.864
Kuwait,2014,5,6.4,113910327577.994
Poland,2014,5,12.8,459682079851.439
Colombia,2014,4,30.6,285066097496.814
Cyprus,2014,4,19.7,19251098194.7843
Finland,2014,4,6.6,232127848925.0
Morocco,2014,4,7.35,105816536606.04
Nigeria,2014,4,33.3,480286163931.15
United Arab Emirates,2014,4,14.6,346742821770.78
Belgium,2014,3,8.0,454346946668.411
Greece,2014,3,8.2,195012591244.259
Monaco,2014,3,4.55,5971532102.07698
Portugal,2014,3,10.6,195923730996.63
Venezuela,2014,3,9.0,765257213.745608
Macau,2014,2,2.8,0.0
New Zealand,2014,2,9.75,171693137607.002
Oman,2014,2,2.3,74950483987.1606
Algeria,2014,1,3.2,181680092644.714
Angola,2014,1,3.7,89650503847.7041
Georgia,2014,1,5.2,14730184213.8494
Guernsey,2014,1,2.4,0.0
Lithuania,2014,1,1.0,40396596564.7359
Nepal,2014,1,1.1,23429242138.2095
Romania,2014,1,1.2,172441103432.375
St. Kitts and Nevis,2014,1,1.2,950623606.036342
Eswatini (Swaziland),2014,1,3.7,3826331630.21918
Tanzania,2014,1,1.0,44662433111.6494
Uganda,2014,1,1.1,30789849487.5724
Vietnam,2014,1,1.6,223632762207.56
United States,2015,535,2564.35,18295019000000.0
China,2015,212,563.55,11061572618578.7
Germany,2015,102,432.3,3423568450957.03
India,2015,90,294.25,2103588360044.94
Russia,2015,88,336.5,1363482182197.71
Hong Kong,2015,55,246.1,309385622601.348
Brazil,2015,54,181.05,1802212206904.68
United Kingdom,2015,53,171.15,2927911140916.73
France,2015,47,253.4,2442483452642.5
Canada,2015,40,135.85,1556508816217.14
Italy,2015,39,155.8,1845428048839.1
Taiwan,2015,33,82.05,0.0
Turkey,2015,32,52.45,864313810469.009
South Korea,2015,30,77.5,1466038936206.43
Switzerland,2015,29,98.6,694118186379.628
Australia,2015,27,68.95,1351296372254.31
Japan,2015,24,97.75,4444930651964.18
Indonesia,2015,23,56.15,860854232717.718
Sweden,2015,23,115.7,501698263620.663
Spain,2015,21,116.3,1206164777553.12
Singapore,2015,19,53.55,307998545269.398
Israel,2015,17,54.2,302722655203.465
Mexico,2015,16,144.4,1213294467716.88
Thailand,2015,16,54.8,401296238228.084
Chile,2015,12,39.85,242450355827.827
Malaysia,2015,12,48.93,301355266964.947
Philippines,2015,11,51.3,306445871246.718
Norway,2015,10,25.0,388159512245.53
Saudi Arabia,2015,10,51.9,669484266666.667
Netherlands,2015,9,27.5,775743675302.734
Egypt,2015,8,23.45,329366576819.407
Austria,2015,7,29.55,379546097300.633
Lebanon,2015,7,14.05,49929337836.8159
South Africa,2015,7,28.55,346709790458.563
Peru,2015,6,8.75,189802976285.619
Argentina,2015,5,11.15,594749285413.212
Cyprus,2015,5,15.8,19909278416.8575
Czechia,2015,5,15.45,189107698561.919
Denmark,2015,5,25.7,301758922337.637
Finland,2015,5,8.05,233210733506.25
Ireland,2015,5,30.25,302391428540.035
Kazakhstan,2015,5,10.8,184388404706.042
Kuwait,2015,5,5.85,114585555830.916
Nigeria,2015,5,22.9,493026682800.63
Poland,2015,5,11.5,480054118583.367
Ukraine,2015,5,11.85,91030967789.0717
Monaco,2015,4,6.85,6264756528.37691
United Arab Emirates,2015,4,19.2,370275469560.166
Belgium,2015,3,8.2,461044767544.531
Colombia,2015,3,18.5,293492370193.166
Greece,2015,3,7.0,194567373678.099
Morocco,2015,3,5.3,110413823841.592
Portugal,2015,3,8.2,199038523119.639
Venezuela,2015,3,9.6,786555555.555555
New Zealand,2015,2,9.9,178104220784.881
Oman,2015,2,2.2,78710793237.9714
Romania,2015,2,2.15,177885131240.315
Tanzania,2015,2,2.25,47413919817.124
Algeria,2015,1,3.1,187493855609.345
Angola,2015,1,3.3,90496420506.5957
Georgia,2015,1,5.2,15223796148.8396
Guatemala,2015,1,1.0,62186064718.7424
Guernsey,2015,1,1.8,0.0
Iceland,2015,1,1.3,17517210519.0912
Liechtenstein,2015,1,2.7,6268515276.17441
Lithuania,2015,1,1.0,41540954817.2039
Nepal,2015,1,1.3,24360801286.7638
St. Kitts and Nevis,2015,1,1.2,957222222.222222
Eswatini (Swaziland),2015,1,3.9,3878174403.5524
Uganda,2015,1,1.1,32387183730.1002
Vietnam,2015,1,1.7,239258328381.741
United States,2016,541,2400.1,18627887993000.0
China,2016,250,591.8,11819153423353.8
Germany,2016,119,467.6,3502129441730.16
India,2016,84,248.4,2277267041550.36
Russia,2016,78,284.7,1366123111808.03
Hong Kong,2016,63,240.2,316116094447.437
United Kingdom,2016,50,161.8,2984177104376.02
Italy,2016,43,150.8,1868241619898.42
France,2016,39,212.0,2463489569508.32
Canada,2016,34,113.6,1572673953080.04
Switzerland,2016,33,93.1,708477337578.722
Brazil,2016,31,135.1,1743173232503.86
South Korea,2016,31,75.1,1509241369553.54
Turkey,2016,30,45.4,893035686216.222
Japan,2016,27,85.4,4478437728055.55
Sweden,2016,26,112.0,513486872435.55
Australia,2016,25,61.7,1388583854795.63
Taiwan,2016,25,54.1,0.0
Spain,2016,21,113.2,1241326362774.56
Indonesia,2016,20,49.8,904181621813.478
Israel,2016,17,48.2,315943412203.594
Singapore,2016,17,44.5,319051515647.446
Thailand,2016,16,44.9,415081396923.293
Mexico,2016,14,99.6,1234800030119.7
Norway,2016,13,24.8,392680500155.007
Philippines,2016,11,41.5,328355086282.447
Chile,2016,10,29.0,246700604504.172
Malaysia,2016,10,39.5,314764917575.088
Netherlands,2016,9,28.2,794549918798.828
Lebanon,2016,7,12.5,50705514062.8608
Austria,2016,6,29.0,387581921933.047
Denmark,2016,6,29.4,311032111245.335
Egypt,2016,6,14.2,343682967575.512
Finland,2016,6,10.5,239208760192.969
Ireland,2016,6,30.7,306088582898.588
Saudi Arabia,2016,6,34.6,682100649038.503
South Africa,2016,6,21.8,349013858372.625
Cyprus,2016,5,13.4,21218032952.0546
Czechia,2016,5,17.8,193988322699.324
Kazakhstan,2016,5,9.3,186416677156.152
Nigeria,2016,5,29.9,485055087455.82
Ukraine,2016,5,7.1,93253017276.778
United Arab Emirates,2016,5,18.4,390868305567.669
Argentina,2016,4,9.2,582376550428.09
Monaco,2016,4,7.1,6453228194.42908
Belgium,2016,3,7.5,466547349016.531
Colombia,2016,3,13.6,299618678572.191
Peru,2016,3,3.8,197306492869.139
Poland,2016,3,7.9,494605411858.337
Portugal,2016,3,7.8,203027535953.584
Venezuela,2016,3,7.2,819165611.528601
Greece,2016,2,4.5,194505510567.857
Morocco,2016,2,3.2,110989284688.174
New Zealand,2016,2,9.1,184780121689.709
Algeria,2016,1,3.1,194806115978.109
Angola,2016,1,3.0,88161567931.4379
Georgia,2016,1,4.8,15749049874.5344
Guernsey,2016,1,1.9,0.0
Iceland,2016,1,1.6,18621440660.0019
Liechtenstein,2016,1,2.5,426318507337.121
Nepal,2016,1,1.1,24466311259.2881
Oman,2016,1,1.5,82682873555.7961
Qatar,2016,1,2.0,166695978169.384
Romania,2016,1,1.0,182972525962.275
Eswatini (Swaziland),2016,1,3.7,4015035098.77479
Tanzania,2016,1,1.1,50669888784.2555
Vietnam,2016,1,1.8,255264731908.124
United States,2017,566,2756.5,19085691122935.2
China,2017,319,808.6,12640253743744.4
Germany,2017,113,465.8,3597248136065.74
India,2017,100,324.3,2432016068497.75
Russia,2017,95,384.7,1391065651845.68
Hong Kong,2017,67,271.1,328116190362.994
United Kingdom,2017,54,162.5,3063451915172.53
Brazil,2017,43,172.1,1766233131755.03
Italy,2017,42,151.9,1898202609756.92
Canada,2017,39,133.8,1620386284372.81
France,2017,38,245.1,2514819204022.09
South Korea,2017,38,92.7,1556927899270.75
Switzerland,2017,37,109.4,718132463597.499
Australia,2017,33,91.0,1420237898460.73
Japan,2017,33,114.5,4553466417292.21
Sweden,2017,31,117.5,522858808973.771
Taiwan,2017,31,75.2,0.0
Turkey,2017,29,48.5,960031200973.599
Spain,2017,25,124.7,1277275696600.78
Singapore,2017,21,59.4,333450075464.15
Indonesia,2017,20,53.1,950021694198.768
Thailand,2017,20,63.2,432422173710.333
Israel,2017,18,54.1,329445006817.89
Mexico,2017,15,116.7,1257912134612.3
Norway,2017,14,32.4,402355151389.893
Philippines,2017,14,45.8,351113338977.942
Chile,2017,12,41.4,250050047208.954
Malaysia,2017,12,45.7,333061328477.268
Netherlands,2017,10,31.6,816650691068.16
Saudi Arabia,2017,10,42.1,688314917831.272
Austria,2017,8,31.2,396388752620.721
Ireland,2017,8,34.2,336849348481.597
South Africa,2017,8,26.6,353055253707.071
Argentina,2017,7,12.4,598790850843.677
Cyprus,2017,7,17.6,22438246478.4654
Egypt,2017,7,18.1,358053111989.023
Finland,2017,7,12.9,247110711000.0
Czechia,2017,6,23.5,204024435225.367
Denmark,2017,6,38.6,320538736946.88
Ukraine,2017,6,10.6,95453762635.7013
Kazakhstan,2017,5,10.5,194059760924.352
Peru,2017,5,8.4,202276318741.548
United Arab Emirates,2017,5,27.3,393741456191.578
Kuwait,2017,4,5.4,112380894485.055
Lebanon,2017,4,9.0,51163399287.7034
Monaco,2017,4,7.1,6246325873.74088
Poland,2017,4,9.9,520089746650.75
Portugal,2017,4,10.7,209757331881.699
Colombia,2017,3,17.1,303691577641.583
Greece,2017,3,6.5,197370819841.305
Morocco,2017,3,4.5,116603009678.139
Nigeria,2017,3,19.6,488964081500.901
Oman,2017,3,6.7,82934277088.5646
Belgium,2017,2,6.7,473426438780.183
New Zealand,2017,2,11.4,191057624435.572
Qatar,2017,2,3.7,164199531361.81
St. Kitts and Nevis,2017,2,4.9,997065001.528822
Venezuela,2017,2,5.1,831033933.84893
Vietnam,2017,2,3.6,272980590259.187
Algeria,2017,1,3.1,197728207717.781
Angola,2017,1,3.1,88031782694.3787
Georgia,2017,1,4.5,16561685511.0983
Guernsey,2017,1,1.9,0.0
Iceland,2017,1,1.8,19402600566.9271
Liechtenstein,2017,1,2.7,439594337732.543
Macau,2017,1,1.0,0.0
Nepal,2017,1,1.3,26662720369.2492
Romania,2017,1,1.1,197967999561.02
Slovakia,2017,1,1.1,93529165116.4867
Eswatini (Swaziland),2017,1,3.9,4114008066.96745
Tanzania,2017,1,1.4,54096327104.7372
United States,2018,586,3098.7,19651869117582.5
China,2018,372,1118.4,13493442283300.8
Germany,2018,123,578.7,3637409365003.91
India,2018,119,440.1,2588974770244.57
Russia,2018,101,409.3,1430116278515.49
Hong Kong,2018,67,334.7,337457421078.426
United Kingdom,2018,54,202.9,3106499243290.97
Canada,2018,46,148.5,1664832887596.13
South Korea,2018,44,126.8,1602194079769.04
Australia,2018,43,117.9,1461119016244.31
Italy,2018,43,170.4,1913894038939.75
Brazil,2018,42,176.4,1797736845059.11
France,2018,40,320.4,2556210832827.89
Switzerland,2018,36,123.8,738674253452.249
Turkey,2018,36,64.7,988958576886.064
Japan,2018,35,138.1,4582763011477.35
Taiwan,2018,35,84.4,0.0
Sweden,2018,32,124.6,532808626955.913
Thailand,2018,30,93.3,450682801200.339
Spain,2018,29,136.0,1307871701738.56
Singapore,2018,22,64.5,345177895368.501
Indonesia,2018,20,72.5,999178586345.587
Israel,2018,20,57.0,342868164572.703
Mexico,2018,16,141.0,1282719194684.06
Norway,2018,15,39.1,405690275911.956
Malaysia,2018,14,61.8,349191778300.005
Philippines,2018,12,55.3,373379140707.047
Chile,2018,11,41.9,260027117795.385
Denmark,2018,10,43.7,326500781458.764
Argentina,2018,9,15.6,583118120294.002
Ireland,2018,9,38.2,362262415044.573
Netherlands,2018,9,35.5,835096710123.568
Austria,2018,8,43.4,406235924727.366
Cyprus,2018,7,17.6,23845498646.5325
Lebanon,2018,7,13.3,50199119756.2008
Ukraine,2018,7,13.2,98783535745.5861
United Arab Emirates,2018,7,24.0,398914879841.349
Czechia,2018,6,30.1,209798950840.998
Egypt,2018,6,18.2,377141312302.669
Finland,2018,6,13.5,250058686750.391
Peru,2018,6,10.9,210305376512.78
Poland,2018,6,13.8,552573816155.989
Kazakhstan,2018,5,14.4,202016211108.857
South Africa,2018,5,20.9,358551560868.533
Greece,2018,4,9.6,201445880947.483
Kuwait,2018,4,5.2,115463873883.03
Monaco,2018,4,6.9,6602235351.40181
Vietnam,2018,4,10.5,293358610036.841
Colombia,2018,3,18.6,311479214511.795
Nigeria,2018,3,20.9,498365674277.734
St. Kitts and Nevis,2018,3,4.2,1017041453.06618
Belgium,2018,2,8.3,482317238512.932
Morocco,2018,2,3.8,120177639735.159
New Zealand,2018,2,12.2,197743680329.155
Oman,2018,2,5.4,84001727416.2074
Qatar,2018,2,2.8,166227185730.265
Venezuela,2018,2,5.5,857424342.542456
Algeria,2018,1,4.0,200496402625.83
Angola,2018,1,2.6,86872966032.8735
Georgia,2018,1,4.6,17565660917.3341
Guernsey,2018,1,2.3,0.0
Hungary,2018,1,1.1,140547430034.099
Iceland,2018,1,2.0,20351227274.147
Liechtenstein,2018,1,3.9,454537993853.636
Macau,2018,1,1.4,0.0
Nepal,2018,1,1.5,28695053195.3457
Portugal,2018,1,5.1,215937375267.637
Romania,2018,1,1.2,210085482250.697
Slovakia,2018,1,1.3,97328432384.4156
Eswatini (Swaziland),2018,1,4.3,4145651841.8002
Tanzania,2018,1,1.5,57054358529.8858
Zimbabwe,2018,1,1.4,22015177994.7607
United States,2019,607,3111.0,20159639089698.1
China,2019,324,980.7,14296369668065.2
Germany,2019,114,500.9,3673343090202.78
India,2019,106,405.3,2689205295885.31
Russia,2019,98,421.0,1461551317106.21
Hong Kong,2019,71,319.8,331813812733.896
Brazil,2019,58,179.7,1819683217790.43
United Kingdom,2019,54,182.0,3156963551827.52
Canada,2019,45,153.1,1696605089927.38
France,2019,41,329.9,2608036639287.32
South Korea,2019,40,103.6,1638146960195.06
Taiwan,2019,40,85.5,0.0
Australia,2019,36,114.4,1492847874023.89
Italy,2019,35,142.7,1922107755102.45
Sweden,2019,33,124.2,546393370671.191
Switzerland,2019,33,106.8,747109782866.389
Japan,2019,32,127.0,4564332550094.45
Thailand,2019,31,94.8,460212749509.626
Spain,2019,29,119.3,1333521400772.79
Turkey,2019,25,43.1,997053346501.186
Singapore,2019,22,71.3,349820740821.559
Indonesia,2019,21,78.5,1049330234035.85
Israel,2019,21,61.2,355846209596.501
Mexico,2019,17,132.5,1277682077988.06
Philippines,2019,17,47.7,396224439244.72
Norway,2019,15,36.3,410249333471.117
Malaysia,2019,13,61.6,364602265936.14
Chile,2019,11,37.3,261676645409.828
Denmark,2019,10,38.7,332088518914.51
Netherlands,2019,10,30.7,854304699361.253
Austria,2019,9,44.6,413365269561.549
Ireland,2019,9,37.2,380522434249.483
Czechia,2019,8,32.3,217279912678.49
Poland,2019,7,13.2,577884228677.544
Ukraine,2019,7,13.6,101944118787.095
United Arab Emirates,2019,7,19.7,403336245487.99
Cyprus,2019,6,19.9,25246562673.7657
Egypt,2019,6,15.8,398080548973.052
Finland,2019,6,11.8,253433824963.672
Lebanon,2019,6,11.1,46727888410.6848
Peru,2019,6,11.2,215017545590.315
Argentina,2019,5,10.9,571450737224.442
Kazakhstan,2019,5,16.4,211106940610.612
South Africa,2019,5,18.7,359483563936.676
Vietnam,2019,5,13.6,314947640805.601
Greece,2019,4,9.3,206033167541.336
Monaco,2019,4,6.3,7072373236.60927
Nigeria,2019,4,22.3,509371727735.743
Belgium,2019,3,11.1,494099718421.514
Colombia,2019,3,17.1,321405606655.842
Hungary,2019,2,2.1,147383974295.866
Morocco,2019,2,3.8,123651944968.713
New Zealand,2019,2,12.2,202414311267.63
Oman,2019,2,4.3,83053651985.4157
Slovakia,2019,2,2.6,99543529380.5199
St. Kitts and Nevis,2019,2,2.9,1045836615.95477
Venezuela,2019,2,4.9,863098154.725852
Algeria,2019,1,3.7,202300870249.462
Angola,2019,1,2.3,86262880684.9456
Georgia,2019,1,4.9,18510819818.4957
Guernsey,2019,1,2.2,0.0
Iceland,2019,1,2.1,20729999827.2907
Kuwait,2019,1,1.4,118077764579.78
Liechtenstein,2019,1,3.0,474081737618.703
Macau,2019,1,1.5,0.0
Nepal,2019,1,1.7,30605298792.5448
Portugal,2019,1,4.8,221866334776.915
Qatar,2019,1,1.6,167371229308.421
Romania,2019,1,1.2,218327690029.17
Eswatini (Swaziland),2019,1,4.9,4351364120.03953
Tanzania,2019,1,1.9,60363511324.6004
Zimbabwe,2019,1,2.5,20621078646.8294
United States,2020,615,2948.7,19723580221938.2
China,2020,387,1177.5,14616413683019.5
Germany,2020,105,444.8,3522914640155.8
India,2020,102,312.6,2533830417086.54
Russia,2020,98,384.0,1422766794794.99
Hong Kong,2020,67,311.5,310097369914.178
United Kingdom,2020,46,154.0,2831893576021.77
Brazil,2020,45,127.1,1760056587883.53
Canada,2020,44,142.8,1611126164920.14
France,2020,39,304.3,2413981867221.76
Italy,2020,36,125.6,1751650987476.49
Taiwan,2020,36,75.4,0.0
Switzerland,2020,35,96.4,731108654673.334
Australia,2020,31,95.0,1491062566266.52
Sweden,2020,31,106.6,535436339492.279
South Korea,2020,28,70.4,1626525694049.93
Singapore,2020,27,90.7,336283381521.284
Japan,2020,26,110.0,4375044252274.51
Spain,2020,24,97.1,1187633217272.88
Turkey,2020,23,38.9,1015597272884.83
Thailand,2020,20,66.4,432369701127.278
Israel,2020,17,51.3,350634465931.993
Indonesia,2020,15,53.7,1027656193922.98
Philippines,2020,15,31.0,358510629282.922
Malaysia,2020,12,44.7,344706479641.244
Mexico,2020,12,103.0,1170944075658.48
Norway,2020,12,26.2,405005642244.497
Netherlands,2020,11,28.7,821260591753.75
Austria,2020,9,41.2,387247796564.086
Ireland,2020,9,35.8,407759845120.691
Czechia,2020,8,32.3,205753475034.301
Denmark,2020,8,42.4,326176991303.13
Chile,2020,7,21.0,245600606661.894
Egypt,2020,6,16.8,412213064649.087
Finland,2020,6,11.7,247120696616.016
Lebanon,2020,6,10.2,36728167162.8739
Poland,2020,6,12.8,566120997479.772
Ukraine,2020,6,8.0,98118341609.8448
Argentina,2020,4,8.8,514874343768.066
Kazakhstan,2020,4,12.0,205829267103.2
South Africa,2020,4,15.4,337307318679.639
United Arab Emirates,2020,4,10.5,383342656303.629
Vietnam,2020,4,10.2,323972192107.065
Colombia,2020,3,13.7,298309675728.093
Cyprus,2020,3,14.7,24433463207.6976
Greece,2020,3,4.9,187085880547.56
Monaco,2020,3,4.6,6136054329.90152
Nigeria,2020,3,16.8,500232309808.216
New Zealand,2020,2,13.4,201554239788.002
Peru,2020,2,5.2,191509018299.917
Romania,2020,2,2.5,210305491425.986
Slovakia,2020,2,2.5,96969818956.4464
St. Kitts and Nevis,2020,2,2.2,885254137.279024
Algeria,2020,1,4.2,192185826736.989
Angola,2020,1,1.4,81399194250.7301
Belgium,2020,1,8.0,470417598481.151
Eswatini (Swaziland),2020,1,2.7,4225737498.25845
Georgia,2020,1,4.8,17346401920.57
Guernsey,2020,1,2.1,0.0
Hungary,2020,1,1.2,140770787502.349
Iceland,2020,1,2.0,19291243912.7068
Kuwait,2020,1,1.3,112389452571.326
Liechtenstein,2020,1,3.3,475602794987.658
Macao,2020,1,1.9,23271041384.4531
Morocco,2020,1,1.0,114775951852.213
Nepal,2020,1,1.4,29880069318.7261
Oman,2020,1,2.1,80246670660.8581
Portugal,2020,1,3.8,203663018337.793
Qatar,2020,1,1.2,161416823761.21
Tanzania,2020,1,1.6,61565931105.4141
Venezuela,2020,1,3.4,830825654.667515
Zimbabwe,2020,1,1.1,19009139106.1662
United States,2021,724,4398.4,20917853444668.3
China,2021,626,2531.9,15851276922873.1
India,2021,140,596.4,2779348258938.77
Germany,2021,135,623.9,3652205602572.65
Russia,2021,117,585.0,1502645054025.01
Hong Kong,2021,71,448.2,330112320112.002
Brazil,2021,65,211.7,1843881120012.46
Canada,2021,64,231.1,1696305710720.04
United Kingdom,2021,56,213.9,3074755378779.19
Italy,2021,51,204.5,1908092024347.85
Japan,2021,49,225.4,4487015645273.13
Taiwan,2021,47,115.6,0.0
Australia,2021,44,181.5,1522541404227.63
South Korea,2021,43,121.4,1696543311942.81
France,2021,42,512.2,2580120255345.61
Sweden,2021,41,182.0,567227918052.988
Switzerland,2021,40,145.5,770529214794.414
Thailand,2021,31,105.4,439150043937.792
Spain,2021,30,137.0,1267004457572.21
Singapore,2021,27,156.9,368871820049.825
Turkey,2021,27,55.2,1131775463573.96
Israel,2021,25,73.0,383397426954.248
Indonesia,2021,21,85.0,1065709127435.86
Malaysia,2021,17,68.0,356134704342.139
Philippines,2021,17,45.6,378998555004.406
Mexico,2021,13,136.1,1241768434200.36
Austria,2021,12,62.7,405817602863.188
Netherlands,2021,12,43.8,872809728969.262
Norway,2021,12,38.3,420836044228.583
Denmark,2021,10,61.3,350255593023.122
Chile,2021,9,42.7,273436873982.626
Czechia,2021,9,41.4,214043320209.36
Ireland,2021,9,42.9,474043708510.292
Poland,2021,8,20.3,605337233054.782
Finland,2021,7,16.5,253878739632.812
Ukraine,2021,7,18.9,101499127456.662
Egypt,2021,6,18.4,425777537421.996
Lebanon,2021,6,10.8,34156740537.1604
Peru,2021,6,11.4,217085487224.893
Vietnam,2021,6,16.7,332245562394.77
Argentina,2021,5,15.3,568636554720.066
Colombia,2021,5,26.2,330530695024.886
Cyprus,2021,5,18.1,27215888177.2701
Kazakhstan,2021,5,16.9,214679925583.069
South Africa,2021,5,22.1,354021006263.537
Greece,2021,4,13.9,203277224063.029
United Arab Emirates,2021,4,11.0,400036290943.156
Belgium,2021,3,12.6,499595504127.06
Monaco,2021,3,4.8,7500235156.94536
Nigeria,2021,3,22.5,518476715283.896
Georgia,2021,2,8.0,19192793472.268
Hungary,2021,2,2.7,150710923361.943
Iceland,2021,2,3.2,20304846331.8777
Morocco,2021,2,3.2,124135631043.727
New Zealand,2021,2,11.1,210717394654.719
Portugal,2021,2,7.2,214984151691.324
Qatar,2021,2,2.9,164042828071.657
Romania,2021,2,7.7,221968423307.804
Slovakia,2021,2,2.9,102523269375.456
Algeria,2021,1,4.8,199488888152.994
Armenia,2021,1,1.0,12633615899.6682
Eswatini (Swaziland),2021,1,4.7,4369384623.38277
Guernsey,2021,1,2.6,0.0
Liechtenstein,2021,1,5.5,485946125646.535
Macau,2021,1,3.1,0.0
Nepal,2021,1,1.4,31325711777.1674
Oman,2021,1,2.3,82318780120.4001
St. Kitts and Nevis,2021,1,1.6,889500509.777815
Tanzania,2021,1,1.6,64226431583.1539
Venezuela,2021,1,3.2,837088394.191465
Zimbabwe,2021,1,1.5,20618836217.7637
United States,2022,735,4701.1,21443388432051.0
China,2022,539,1962.45,16318995784492.7
India,2022,166,749.8,2973542414790.52
Germany,2022,134,608.0,3702230996916.9
Russia,2022,78,291.0,1471544636157.84
Hong Kong,2022,67,383.4,317952397986.884
Canada,2022,65,312.6,1761102321572.64
Brazil,2022,63,194.1,1899505377653.06
Italy,2022,52,194.5,1997042745688.22
Taiwan,2022,51,150.9,0.0
United Kingdom,2022,50,200.1,3223545409624.7
Australia,2022,46,207.1,1587133480804.53
Sweden,2022,45,165.7,575505409872.88
France,2022,43,550.0,2646451031159.26
South Korea,2022,41,109.3,1740868427277.01
Switzerland,2022,41,181.9,790318933740.326
Japan,2022,40,154.5,4529854841042.58
Indonesia,2022,30,115.1,1122270779856.21
Israel,2022,30,112.6,408204664808.542
Thailand,2022,28,95.3,449965296578.7
Spain,2022,27,116.0,1345296618919.51
Singapore,2022,26,106.7,383029403742.294
Turkey,2022,24,40.8,1194401442556.95
Malaysia,2022,17,63.1,387694727478.777
Philippines,2022,17,43.2,407730367724.121
Mexico,2022,15,160.9,1287578651261.79
Norway,2022,13,40.9,433484840343.081
Austria,2022,11,61.7,427236226636.132
Netherlands,2022,11,38.0,916513359627.026
Czechia,2022,9,49.0,220137498815.997
Denmark,2022,9,57.0,355650135472.963
Ireland,2022,9,54.8,514903922802.965
Cyprus,2022,8,27.2,29220507767.0398
Chile,2022,7,38.6,279066228503.412
Finland,2022,7,12.6,257560103403.906
Poland,2022,7,20.8,637150470884.733
Ukraine,2022,7,11.9,72309415411.3627
Vietnam,2022,7,21.2,359235578724.112
Argentina,2022,6,14.0,598603016935.287
Egypt,2022,6,18.3,453827104224.605
Kazakhstan,2022,6,19.8,221549683201.099
Lebanon,2022,6,12.6,33944395264.1769
Romania,2022,6,10.2,230770154206.928
South Africa,2022,5,25.0,360788046853.641
Colombia,2022,4,24.1,354622693594.661
Monaco,2022,4,15.1,8328781591.62882
United Arab Emirates,2022,4,22.9,430077804411.91
Belgium,2022,3,11.9,520745539238.467
Greece,2022,3,7.8,214952754695.546
New Zealand,2022,3,13.2,216564470789.24
Nigeria,2022,3,28.2,535335926240.996
Peru,2022,3,7.8,223002152647.317
Bulgaria,2022,2,4.0,62130535277.7185
Georgia,2022,2,6.7,21296041913.2144
Hungary,2022,2,2.5,157618619387.289
Iceland,2022,2,3.6,22130761184.0171
Morocco,2022,2,3.3,126031434844.786
Qatar,2022,2,3.3,170908036360.673
Slovakia,2022,2,3.0,102984289733.717
Uruguay,2022,2,3.0,61761057234.7987
Algeria,2022,1,5.1,206670488126.502
Barbados,2022,1,1.7,5352561584.79213
Belize,2022,1,3.6,2524886205.2506
Estonia,2022,1,1.2,28434426605.4652
Eswatini (Swaziland),2022,1,5.3,4366430077.90613
Guernsey,2022,1,2.5,0.0
Liechtenstein,2022,1,2.3,503780277751.377
Macau,2022,1,1.9,0.0
Nepal,2022,1,1.5,33089761145.0969
Oman,2022,1,2.5,90202537058.2429
Portugal,2022,1,4.7,230002604720.83
St. Kitts and Nevis,2022,1,1.5,983101307.730931
Tanzania,2022,1,1.5,67159014151.451
Venezuela,2022,1,3.5,897022524.154038
Zimbabwe,2022,1,3.0,21884680855.3787
United States,2023,734,4489.0,22062578283266.8
China,2023,490,1644.7,17175670911003.5
India,2023,169,674.8,3215973434046.11
Germany,2023,126,585.4,3692366831510.82
Russia,2023,103,469.7,1524520243059.52
Hong Kong,2023,69,367.3,328370191789.519
Italy,2023,64,215.6,2010974774790.36
Canada,2023,63,245.1,1783097209318.73
United Kingdom,2023,53,203.8,3234504373105.3
Taiwan,2023,52,136.1,0.0
Brazil,2023,51,160.4,1954752120905.5
Australia,2023,47,183.5,1641762491418.85
France,2023,43,590.0,2671234714330.38
Switzerland,2023,41,206.3,795978145781.87
Japan,2023,40,151.1,4605911988191.95
Sweden,2023,39,140.4,573717486152.92
Singapore,2023,37,124.8,387147091448.002
Israel,2023,30,113.3,418095492045.796
South Korea,2023,30,74.4,1764487367948.7
Indonesia,2023,29,138.4,1178924195856.71
Thailand,2023,28,100.8,458457299263.157
Spain,2023,27,135.2,1381292229418.88
Turkey,2023,26,57.8,1255449309088.75
Malaysia,2023,18,54.7,401479163711.428
Mexico,2023,14,168.9,1328780925599.41
Philippines,2023,14,41.4,430342487096.573
Netherlands,2023,12,40.6,917196718601.978
Norway,2023,12,36.3,435564038441.666
Austria,2023,11,70.7,423156281454.21
Czechia,2023,11,61.4,219949654880.837
Cyprus,2023,9,36.8,29983718475.0646
Ireland,2023,9,36.2,486429697970.113
Denmark,2023,8,42.2,364524261928.203
Chile,2023,7,41.9,279676771459.229
Finland,2023,7,14.0,254562199573.437
Poland,2023,7,21.6,638035044435.602
Egypt,2023,6,19.1,470885106095.168
Greece,2023,6,16.6,219965719224.042
Kazakhstan,2023,6,22.6,232848717043.771
Lebanon,2023,6,11.8,20303702352.295
Romania,2023,6,8.8,236318495899.176
Vietnam,2023,6,12.6,377364153384.169
Argentina,2023,5,12.8,588959512629.692
South Africa,2023,5,25.6,363308097945.479
Ukraine,2023,5,11.6,76159411195.0331
Belgium,2023,4,15.8,527263714444.414
Colombia,2023,4,18.1,356787344438.831
Peru,2023,4,5.5,221775234260.737
United Arab Emirates,2023,4,21.4,445641058027.777
Hungary,2023,3,3.9,156187937314.849
Monaco,2023,3,12.4,8748833912.54286
New Zealand,2023,3,12.7,218152542756.614
Nigeria,2023,3,28.5,550647684655.998
Bulgaria,2023,2,4.2,63302823436.9332
Georgia,2023,2,8.6,22963990766.7474
Morocco,2023,2,2.8,130320714718.834
Oman,2023,2,4.3,91384587286.8628
Qatar,2023,2,3.0,172936988054.474
Slovakia,2023,2,3.1,104403760583.519
Algeria,2023,1,4.6,215143978139.689
Armenia,2023,1,1.2,15406163977.6894
Bangladesh,2023,1,1.0,323279976841.364
Barbados,2023,1,1.4,5571685827.33474
Belize,2023,1,3.9,2553897572.45142
Croatia,2023,1,1.6,66182676637.3453
Estonia,2023,1,1.3,27574843698.0953
Eswatini (Swaziland),2023,1,6.5,4585402385.65415
Guernsey,2023,1,2.3,0.0
Iceland,2023,1,2.5,23245527336.2072
Liechtenstein,2023,1,2.3,515060189857.047
Macau,2023,1,1.3,0.0
Nepal,2023,1,1.8,33735853500.29
Panama,2023,1,1.0,75232121007.6293
Portugal,2023,1,4.7,235813117071.956
St. Kitts and Nevis,2023,1,1.3,1005564662.29904
Tanzania,2023,1,1.5,70563656177.7408
Venezuela,2023,1,4.3,950988378.262938
Zimbabwe,2023,1,1.9,23052607292.3638
United States,2024,813,5700.8,22062578283266.8
China,2024,406,1335.6,17175670911003.5
India,2024,200,953.7,3215973434046.11
Germany,2024,132,643.9,3692366831510.82
Russia,2024,120,536.5,1524520243059.52
Italy,2024,73,301.7,2010974774790.36
Brazil,2024,69,230.9,1954752120905.5
Canada,2024,67,314.7,1783097209318.73
Hong Kong,2024,67,329.7,328370191789.519
United Kingdom,2024,55,225.3,3234504373105.3
France,2024,53,673.5,2671234714330.38
Taiwan,2024,51,145.2,0.0
Australia,2024,48,214.5,1641762491418.85
Sweden,2024,43,162.0,573717486152.92
Japan,2024,41,181.4,4605911988191.95
Switzerland,2024,41,224.1,795978145781.87
Singapore,2024,39,115.5,387147091448.002
Israel,2024,36,137.8,418095492045.796
South Korea,2024,36,92.1,1764487367948.7
Indonesia,2024,35,200.9,1178924195856.71
Spain,2024,29,177.1,1381292229418.88
Turkey,2024,27,56.1,1255449309088.75
Thailand,2024,26,85.3,458457299263.157
Mexico,2024,22,199.7,1328780925599.41
Malaysia,2024,17,51.5,401479163711.428
Philippines,2024,16,49.2,430342487096.573
Netherlands,2024,14,47.0,917196718601.978
Norway,2024,12,41.2,435564038441.666
Czechia,2024,11,66.7,219949654880.837
Ireland,2024,11,52.9,486429697970.113
Belgium,2024,10,36.3,527263714444.414
Cyprus,2024,10,55.7,29983718475.0646
Greece,2024,10,26.8,219965719224.042
Austria,2024,9,75.6,423156281454.21
Denmark,2024,9,50.4,364524261928.203
Poland,2024,8,26.5,638035044435.602
Finland,2024,7,14.9,254562199573.437
Chile,2024,6,42.2,279676771459.229
Kazakhstan,2024,6,25.4,232848717043.771
Lebanon,2024,6,11.8,20303702352.295
Romania,2024,6,10.6,236318495899.176
South Africa,2024,6,29.4,363308097945.479
Vietnam,2024,6,13.9,377364153384.169
Argentina,2024,5,19.5,588959512629.692
Egypt,2024,5,18.4,470885106095.168
Hungary,2024,5,6.8,156187937314.849
Ukraine,2024,5,9.4,76159411195.0331
Colombia,2024,4,29.6,356787344438.831
New Zealand,2024,4,15.9,218152542756.614
Nigeria,2024,4,26.7,550647684655.998
United Arab Emirates,2024,4,27.8,445641058027.777
Monaco,2024,3,11.0,8748833912.54286
Bulgaria,2024,2,4.2,63302823436.9332
Georgia,2024,2,10.1,22963990766.7474
Morocco,2024,2,3.1,130320714718.834
Oman,2024,2,4.9,91384587286.8628
Qatar,2024,2,3.5,172936988054.474
Slovakia,2024,2,3.4,104403760583.519
Uruguay,2024,2,2.2,61988013788.3355
Algeria,2024,1,2.5,215143978139.689
Armenia,2024,1,1.1,15406163977.6894
Bangladesh,2024,1,1.1,323279976841.364
Barbados,2024,1,1.4,5571685827.33474
Belize,2024,1,4.7,2553897572.45142
Croatia,2024,1,1.7,66182676637.3453
Estonia,2024,1,2.2,27574843698.0953
Eswatini (Swaziland),2024,1,7.2,4585402385.65415
Guernsey,2024,1,2.6,0.0
Iceland,2024,1,2.1,23245527336.2072
Liechtenstein,2024,1,1.5,515060189857.047
Luxembourg,2024,1,1.1,70870003856.6378
Nepal,2024,1,1.8,33735853500.29
Panama,2024,1,1.1,75232121007.6293
Portugal,2024,1,5.7,235813117071.956
St. Kitts and Nevis,2024,1,1.3,1005564662.29904
Tanzania,2024,1,1.8,70563656177.7408
Venezuela,2024,1,4.4,950988378.262938
Zimbabwe,2024,1,1.8,23052607292.3638
